{"mean": [49759.71484375, 2.5581421852111816, 49758.83984375, 2.546539545059204, 49760.16796875, 2.545426607131958, 49758.421875, 2.542881965637207, 49760.70703125, 2.550607681274414, 49757.9453125, 2.5539145469665527, 49761.23046875, 2.5494303703308105, 49757.453125, 2.5585134029388428, 49761.703125, 2.5464701652526855, 49756.9140625, 2.556697130203247, 49762.17578125, 2.549365282058716, 49756.359375, 2.548462390899658, 49762.66015625, 2.5516433715820312, 49755.88671875, 2.550469160079956, 49763.13671875, 2.559248447418213, 49755.43359375, 2.550710678100586, 49763.5703125, 2.5521724224090576, 49755.015625, 2.5361733436584473, 49764.01171875, 2.55596661567688, 49754.53125, 2.540052652359009], "std": [390.1153564453125, 1.4024690389633179, 390.1145935058594, 1.4135878086090088, 390.1148986816406, 1.4107929468154907, 390.1150207519531, 1.4164001941680908, 390.11541748046875, 1.4157346487045288, 390.1150207519531, 1.4093518257141113, 390.1149597167969, 1.4081593751907349, 390.1152038574219, 1.4179348945617676, 390.115478515625, 1.4161479473114014, 390.11474609375, 1.4127174615859985, 390.1146240234375, 1.4090311527252197, 390.1141357421875, 1.418018102645874, 390.1148376464844, 1.4122178554534912, 390.1149597167969, 1.4141268730163574, 390.11480712890625, 1.4116960763931274, 390.11517333984375, 1.4097188711166382, 390.114501953125, 1.4134727716445923, 390.1154479980469, 1.4128339290618896, 390.1151123046875, 1.414528250694275, 390.11566162109375, 1.4160255193710327]}